prison_number,crn,defendant_id
G2875GG,X857267,f89090fb-5189-4879-bf16-e022e1599ed8
G4144GG,X858527,d34fa6bf-0634-47f6-bd1b-37f551ae5da4
G7446GG,X858929,1d92f82e-9810-4c87-a728-d0e0870c4fd6
G4661GG,X858964,897782ec-632f-437b-839e-fd2496a14c85
G5952GG,X859020,c33f419c-2c12-45f1-a58f-56f64dba36fb
G5009GG,X861299,64d0fc47-5946-49a4-90fa-0f221858bd67
G5606GG,X861664,fba33ef0-1aa6-424a-84bf-5cc05a6ce2e6
G2825GG,X861863,5343936c-10f3-414c-b82d-9da93c86d505
G4984GG,X861909,76b1c9ab-f74f-4a01-bd13-36f27055d888
G2320GG,X861944,1ab6594e-2c5d-4102-916d-5be3924684a4
G8018GG,X861977,2805c14d-c1e8-4ad1-b1b1-862fec461b10
G2719GG,X862297,2d030bdd-888f-439e-ad95-7153f557b8a5
G7793GG,X862462,d0e54254-3a1b-4aaf-89b9-9b1bb28eeaf8
G3880GG,X862524,24fdfe72-f4e7-49ae-9f0d-3e50a5470dbc
G8044GG,X862559,397b9902-9f36-4057-bf64-fad69ab006a6
G9347GG,X862578,93a3a4a8-97c9-4744-9e42-acbc731f1044
G5979GG,X862624,527e214b-d2c4-4ba5-ac47-5bd53e088907
G9674GG,X862985,30a490a3-d20b-4237-a180-c586326860bb
G3378GG,X863002,8f55b89f-c208-4db6-b05a-b9e056ccd22a
G8634GG,X863029,f9212699-c845-43d6-b3c8-c6fedb46ca34
G8694GG,X863056,e10677eb-2f2c-4f2c-b0de-a3ee28de86b9
G7808GG,X863173,f54206ca-30db-4207-b8cb-c7853ae3ea1a
G9932GG,X863415,cd4cf568-6f0f-4dba-a801-3352ec6e8ffd
G9196GG,X863652,03048067-d62a-4053-b8e9-4ddd46b784ff
G4673GG,X863939,4fb9414c-df20-4d43-962f-d1c6f58ad3b2
G9624GG,X864417,ee59172a-d423-4278-a2e5-43b95e729313
G4128GG,X864468,9a857def-6b5e-4def-b613-f0c83d988706
G5793GG,X865054,219c0348-6b89-42a7-be3e-3f5ae085f8db
G2188GG,X865181,189a6b27-3c5c-40dc-a682-72ad9d46675f
G2438GG,X865890,5e9772bb-89c3-4ecf-9ead-8e58aa2bec75
G4721GG,X865966,15b72c7a-d41c-46ef-bd61-994fe5f1d240
G4069GG,X865971,0288a6cd-736f-4f05-bcfa-6b096946212a
G2860GG,X865991,6d8182ac-88c2-4f2f-b890-7854cea3e17a
G7898GG,X866316,d333988d-227c-430e-8327-a1df7dcb0d47
G5000GG,X867282,71d586c9-58ca-4448-adda-684263c48101
G7466GG,X867354,2eee5729-3757-41da-917e-d6a7780a3246
G2712GG,X867849,2b020b7b-6edd-44d1-ac79-453498eae4c7
G3269GG,X867871,d791a71b-c6c3-4181-aae8-97d5581ccafb
G9902GG,X868262,53ac3bb7-ee6c-4b4c-9349-e0980d117a6d
G3741GG,X869859,147cf66b-0c7a-42c3-89c5-1f1644a600d7
G5082GG,X869882,66a1f116-e3d5-4e1e-b7af-af4e4fe0a922
G2228GG,X870374,cabd6c7d-b505-42de-ae2c-d6498c057d50
G5330GG,X871792,a1a96b6f-a190-459d-a013-7dfe4c6b1f7a
G8335GG,X872791,9c305821-1a66-4162-bb44-c3f6ddc46d33
G4769GG,X872977,c12302db-dfd9-46f4-aef5-082b4d3d4e1d
G9397GG,X873164,4a1babde-d7f5-45d9-a807-8ebd6d7d176f
G3423GG,X873172,23c97e16-7ccf-42f0-96ac-b5ff361f04bb
G8632GG,X874128,197e7988-a1be-4605-9a19-f60d5b98e624
G7532GG,X874251,acfb8d84-cdb1-4703-b4d6-98a43fa8e73a
G7869GG,X874255,3f5147a9-e756-45b5-a1aa-7a4d1be09cad
G2289GG,X874288,9e43337e-cbc7-4bdd-a8ef-9463d3626d8d
G2195GG,X874358,713ad32b-4bc0-4414-b710-7b6433ef6157
G9290GG,X874359,e001ed01-873b-48c9-a1bc-a0933070641e
G6845GG,X874829,72f9bcb9-64a1-4534-bff8-cc4f4fe25730
G6212GG,X874836,f6d1db52-22d1-4f29-801c-cf79202f78ba
G3860GG,X874844,6853e8b2-48e6-40a2-b8c6-0c6a749f7a65
G3694GG,X874958,21bc2c2d-8680-4267-aa1d-f98fc98a4488
G0172GG,X875273,6bfe34f1-3706-464f-bd40-93c143576ef3
G7071GG,X875327,25194054-fef5-43d0-ba05-dce53353c54f
G3069GG,X875417,3e3c4e77-d1f4-4e53-8127-80df1c024e64
G0992GG,X876195,eb5a1b5d-e6a7-4322-8534-e12edb3dff33
G6826GG,X876411,89ec9015-ae7f-49c1-8b83-ca399055c310
G3437GG,X876431,f888e07e-40fa-4438-9221-7b4541a6d5c4
G1084GG,X876522,638886c8-43e4-48e6-9e79-c32e296ccd39
G1323GG,X876543,0e15b03f-0387-4150-89a8-ed411f6e209c
G6324GG,X876553,881c183c-c5aa-4520-8227-68d3b1f99d82
G1523GG,X876600,bbe426f9-0001-4785-9bad-b196a530ba33
G0103GG,X876641,596d9308-8097-416c-ba7e-1e3ab9767ad8
G1530GG,X878564,5efbde62-8834-464a-9ad3-20f6ed74b12a
G6781GG,X878583,d6c1f1b0-f517-4668-b128-2253eddafad4
G3179GG,X879228,318560fe-7005-4ab9-a5a5-72985e80e7d1
G6097GG,X879745,45200388-4be4-4d29-8526-0ada32a33f57
G6556GG,X880681,3bcd2f5c-f005-4780-9f1a-242e0c64868d
G1009GG,X881457,c2874dc0-587b-4097-a704-0cff7aae68e6
G3679GG,X881466,0416fe1e-995c-456f-84a2-735b400de55f
G0057GG,X883197,38958252-3565-447e-ae56-854270a9b69f
G1971GG,X883654,4c2474e3-bd4f-4477-83c7-3faad371b709
G0537GG,X883670,c32dd692-88be-47e3-ae96-fc6fc564d9d6
G3035GG,X883869,8e26775c-4f0b-4e4c-8bbe-ce61f2da61da
G1595GG,X883923,4f72b0c5-6269-4bf1-b7f3-150e2ee59767
G3970GG,X884053,743e0a8e-9383-49c8-af9f-50faf25d0355
G7094GG,X884123,f56e0d89-52c9-4949-a3c7-21d910c63e8a
G7079GG,X884129,68a5d161-0ddb-4263-bf57-1cd97de621ab
A0770DZ,X884132,0fb2d336-e63a-44b0-8aab-dfe425d57be6
G8290GV,X884185,344f5271-0cd8-4e90-9e63-fddd530b0ff1
G1374GG,X884696,67984962-2342-4f32-a47a-69d2ffd6adcd
G6823GG,X884761,a4701466-6b0a-4a59-b729-33108bc7370e
G0318GG,X884801,1950acda-be60-4359-91b1-454d3cf8acb5
A0731DZ,X884938,2f662686-66ca-45b2-8a56-1cd71a4f3fe7
G6759GG,X884950,33351908-a26f-4142-9700-d15839ccad44
G6470GG,X884998,1e28cdd4-3386-4a19-8ac6-415cc1ec3189
G1167GG,X885014,ca175471-728b-44e6-8b03-53481433cb51
G6282GG,X885047,5561ad23-5777-4a4c-8b4f-19246d6b2113
G6815GG,X885107,6bb2f5f1-6dbe-485c-ab52-b6fe90f505d5
G3063GG,X885449,34e5b915-0d5f-4570-be6b-6ce95eb247c2
G6576GG,X885964,8ae089e1-58aa-4ca3-a918-f76b0656b93e
G0976GG,X886041,c1248a59-d9c8-4336-a9a6-8b8e94e101a6
G0762GG,X886134,c43802f5-b606-4670-a86e-6b7a589f3904
G1215GG,X887190,573d3e55-d751-4f92-9026-616bd8c10751
G1573GG,X887233,a2ee357c-095a-4d51-9730-0b7aadb8d792
G3010GG,X887952,d0fdbb7b-76eb-4625-9c02-0aa74b41d3ae
G3059GG,X888015,653646e4-ff5f-475c-ab4c-1df9a991927c
G1858GG,X888251,0327b821-90cf-4828-bd27-a7930639ab04
G9386GV,X888274,aa9099b4-27a3-4bec-87c5-1b2d515f9c77
G4010GV,X888330,3dd2aa44-53eb-4831-a15f-9b07723cca2c
G9026GV,X888659,02947932-4bea-459f-bdd3-d8dadffbff98
G2415GV,X888665,11a34ff9-654c-4ba4-969a-8b144ca7dfe1
G9725GV,X890458,58be6743-a34a-4522-bc36-f5aaa10e05b2
G2868GV,X890485,59e63b2b-bd62-4798-9e47-1b56a950b03a
G0955GQ,X890490,66266d6a-6ab0-4b4a-9009-e2281eba3f52
G7880GV,X890506,d880c562-e6e8-45d1-80cf-85780ce3dfa6
G4602GV,X890811,13bc40ca-749a-439a-af45-e3bebece2595
G4393GV,X890816,6f393e8c-e257-4aa5-8dc5-3975a25d8152
G2940GV,X890851,542d7d2f-6f39-4f25-9693-51d3b755ba11
G4530GV,X891180,74a48cd9-8207-4fa5-b499-806e359f4a01
G8320GV,X891254,7f57eaf9-9935-47bf-8a14-443314347326
G5972GV,X891289,2ffb29cc-ebc4-40d7-b7df-19f9a5187d60
G2933GV,X891469,ac4d7d46-ae64-4877-91e2-a29dd94da466
G5432GV,X891541,f2e2aaaf-4e33-4979-94de-8b2a8946d1c1
G5985GV,X892915,9c240738-b4d0-45f9-97dc-a8253969ec60
G8954GV,X893884,d08f35a2-9c6c-4340-a1fa-61b788c5cbab
G4720GV,X893937,443ae509-f32c-4731-80d5-2c0e050a8886
G8495GV,X895742,5f10729a-b43e-4ff2-afb3-efcfd23964aa
G2167GV,X895744,0660d1b2-67da-46ef-bdb0-dc1195b28d07
G5252GV,X896480,f6ca2163-ff45-442b-96ca-e3cbc5b67827
G2632GV,X896964,e902ab10-3f94-4fcc-8658-02bb72999bfd
G2449GV,X897606,1fb0eaf3-72f9-40ff-bac7-0e2ed82c88fa
G5511GV,X897696,525eeb7b-d725-454f-ace0-1c8868b269f9
G2522GV,X897734,81bb79fb-6ccb-4d0a-ab92-b669e60b2d76
G2966GV,X898118,7265292f-d446-4d2c-a3d1-8ded703ec5ee
G2148GV,X898150,0319ea7d-fe72-4a4b-8bf1-9e4843f5e300
G2263GV,X898220,dd1d0b95-3ab5-4efc-aca0-6f7ae56cc122
G5088GV,X898736,ed08eb24-a3f6-4f46-af8f-960a276fe9ba
G5436GV,X898737,5e8fcf7e-6884-4789-b6ff-260121155732
G8121GV,X898756,5f500d62-8e2a-43c0-92ee-76cb3fb4c9d0
G2143GV,X898823,d57d924f-656f-4053-bcbf-6cbfb03ea4be
G8361GV,X898934,8d0132dc-6ed0-4df6-b293-cdbeba07fca1
G5793GV,X898953,5c45a96c-b10f-4f7d-9a3e-1f89efc4c4fc
G5401GV,X898978,ce9cae6c-cf92-4569-b848-18f16dd2da6e
G5042GV,X899086,d2cf1356-9748-4184-91bf-9c5b4a0af7c8
G4987GV,X899143,85cbc36e-3ceb-44b8-bf1d-41eaf460a7ef
G2418GV,X899257,6e833670-5d72-42f5-b77e-0c29883ad858
G8691GV,X899466,022f27c1-3cb3-4e18-a2f2-8daacfb9d667
G8567GV,X899923,0a6bdfc3-25b9-4ea5-94ee-88643ab10a01
G9947GV,X899941,c617d96e-17cd-4350-9375-9c5ae93d2c52
G5442GV,X900067,814c4bf0-ae61-4623-b641-c899f2a8c4b2
G5195GV,X900110,850e60b5-4304-424b-86e7-b456e8c3a83e
G2633GV,X900140,f2004c43-f742-4f37-ad73-13742e262dac
G2761GV,X900588,b4079b1b-c8dd-422d-9db0-62e1431c49e2
G9924GV,X900908,5f35eaee-be74-4e07-82b0-bbd87394a89c
G9781GV,X900992,dfee8a3c-3564-451c-a2a0-677b8a3635fd
G9200GV,X901318,17d8fcd7-e5d0-40ca-b8e9-2c93f0b17477
G9331GV,X901321,ac24a1ee-939b-49a4-a524-21a3d228f8bc
G7833GV,X901394,dc24a1be-939b-49a4-a524-21a3d228f8bc
G6469GV,X901421,0000c5e6-0dc7-4563-a2b0-9a9b5d2e1a4f
G3333GV,X901510,8aef73a7-3137-4ac5-b2e5-4f8292df7347
G9856GV,X901541,5ccfd3a9-7855-4ecb-a788-cbc49e46054d
G7058GV,X901572,9407b97e-df86-4b9f-ad69-093d34f6f294
G7779GV,X901897,c5700721-ae2e-45f1-92bd-ee0241a75044
G1826GV,X902317,ccb9a5cc-e0f1-41c5-96b9-9af5e8a55020
G7233GV,X902440,de0c9c90-9645-4adb-a16c-555afe1f02bc
G7560GV,X903120,0fb76e1f-d8b8-427a-ac16-28762767b033
G7432GV,X903846,69eb897e-f489-428d-8a2c-34094d7a4af8
G7829GV,X904406,739e0858-814e-424a-93c3-6a6a0ab038c2
G3807GV,X904424,456cf761-80a1-4629-8ab9-ad1992b66da3
G3476GV,X904463,69b727b4-6e23-41f6-a762-ce64c2bbc80d
G3508GV,X904508,e5459b5d-323f-46c7-a355-c1a4c29fe863
G1694GV,X905591,3ea65718-dfac-47d6-be17-537f226e27de
G3813GV,X907618,a352c03d-3327-431b-9c08-9bdfb8cd1114
G9571GV,X910274,45aba2ed-5adc-451b-89ff-a23f476fd53e
G3232GV,X913116,6e945d57-b379-4fb3-bc80-a18a5ea5057b
G1188GV,X913119,f077a325-9fc3-4547-ad2b-74edbe1f26de
G0687GV,X744208,cb888d6c-4019-4fe9-886f-62dd101ef42d
G6119GV,X744299,111653e3-4de8-4f04-a9eb-a402d3d9f099
G6547GV,X744183,3986328b-51ba-4f49-96ec-c30d3ca31b60
G3662GV,X744189,183918eb-61d0-4fd0-bc7d-0f834b008a4b
G0747GV,X744213,3defc1ce-9b37-4324-8a67-67b04d216072
G0963GV,X744827,b8d7dfcf-32a9-4b16-9f4d-8edb2c08abec
G6261GV,D001247,a9a5f55f-8493-4a2b-8bc5-cee421bb213c
G0668GV,D001251,63e62f0c-867b-4499-aae8-2fc3ea2629ee
G7161GV,D001295,9acf5abe-3e0b-44a3-90e6-334d897704df
G7572GV,D001377,335b0f74-e3b0-401a-845d-00e42f869b33
G0793GV,D001450,ac870827-312f-47c7-b5fa-b1e435ee096e
G3405GV,D002251,140df486-2fab-423a-9f98-b7a16b591f4c
G1356GV,D002367,496cdb61-2701-41bd-b496-08cef9975a9b
G0331GV,D002450,63dd025b-1be3-44ff-8315-614c601d8a66
G0735GV,D002575,137f1bce-a7fb-4553-b30c-b2faf4afdee1
G6821GV,D002774,461a238d-2598-4b01-9cde-861935566ec7
G9309GV,D002798,c792a555-33b7-47b1-a1f0-b891a2543a06
G0423GV,D002800,95a31a19-8980-44cb-8897-9dbb70d19e33
G3988GV,D002911,20dc1613-3fc7-478c-a273-71aad2492850
G0820GV,D002921,49bb658d-4434-452c-80a7-1ce5466a1981
G7520GV,D002966,b593c208-80d2-42fb-91bc-19dc550aec12
G3954GV,D002968,03514802-f0a0-407b-a571-29d3e2f10998
G9596GV,D003076,d28e02d8-b04d-4062-88fb-5a1c5dd8897d
G3859GV,D003134,ff4de85b-26ba-40ae-94fd-3896b5113b61
G6944GV,D003142,80e4aaa4-d09f-43ae-987d-c0aebf937805
G0947GV,D003146,aa74b471-ae85-4a3f-970d-e194fb6a7978
G0768GV,D003973,fa93eaa2-22c7-4484-8553-e0dbd086db8c
G0367GV,D003978,4c42f461-d22c-428e-b80f-b96c5fec02ae
G3075GV,D003989,d2877caf-483f-49f0-803b-c662202fa09c
G1813GV,D003992,f5f6f728-1b33-4074-abee-9c7774243216
G9857GV,D004059,77b87b89-5dd4-4afa-a224-73182e309b6b
G3249GV,D004068,f985c0ba-4c46-4f08-b687-83fb8ded1559
G2022GU,D004070,06aefda7-1392-4fbb-8361-a619e7490f68
G4606GU,D004239,c8e2ceb0-6873-4604-9935-912ebd76b7cb
G4845GU,D004242,ccd49a83-5cd3-41a6-80ea-e983caa68ce7
G2153GU,D004247,2752db1a-0a27-4619-b2f3-148216c9b0e0
G8882GU,D004254,fdc39100-5fff-4c65-a1ff-376721864963
G4370GU,D004315,d1499736-07e0-4d0e-b7d4-390cbcdf65e9
G6682GV,D004317,f30dc1ac-905a-4c55-8abe-4f589352cdce
G6483GV,D004394,82caa161-bbd8-4eb7-9e75-4739c57c8d74
G9907GU,D004398,61c09f33-acf4-46d0-99fa-08f70405edcb
G4394GU,D004402,054b82d4-0ade-4ece-829a-dd5051732bf3
G5310GU,D004787,c4d468b7-fafe-440f-92c4-5f6ebb5b8ee3
G2488GU,D004792,16a796d9-44a0-4a86-b2d4-6cf179662dfd
G4347GU,D004802,ec44367f-e30e-4eb7-8006-2422313de1eb
G4157GU,D004805,5b403fb1-61de-46c4-be23-bf0c38401ded
G4766GU,D004806,aefc0d3a-6d3c-46b9-9678-45748b28f098
G6818GV,D005487,81c3b799-e88f-4c56-8296-a7e61be347c4
G8649GU,D005489,161390aa-b71a-4b99-9979-a3efcaf586dc
G2612GU,D005494,e698cf5a-5324-4862-9609-ee37b9d1b910
G2211GU,D005499,5dcc04e6-f6d5-45de-a3f9-639c5bfe0b58
G6839GV,D005778,5d9eef2c-66a4-4f5f-8f82-01a5d5d53c83
G2940GU,D005867,522e6c0e-01c0-43a5-904a-0338fd1f8a87
G4411GU,D005868,d4a1c6c0-056e-47e1-85df-33b37ab4ba43
G4487GU,D006009,4f5b1798-98ee-49c8-b26f-3a27e265c576
G5837GU,D006010,a3866718-a5fc-4be8-b7ee-f789c5d9b4e9
G6755GV,D006014,908dac76-1f38-4858-a16b-0060af9ee3db
G8371GU,D006018,3b1af7a8-bda9-4808-aca5-fe4ce813a2b8
G4094GU,D006089,b620e7ee-2314-4fff-a645-a0c472c139a2
G4077GU,D006115,0e88b0ee-2867-4768-8dcb-fbc39fc71511
G2206GU,D006118,fa20662a-8045-446a-9f3f-055ca8b80037
G5548GU,D006120,0f162777-63e9-4b31-83b4-8bc5c5980b20
G5957GU,D006178,dc016d12-0ba1-41e0-89cb-12e44dfdcad8
G4459GU,D006183,b2cde276-b9ab-4c43-b307-29b046052416
G6632GV,D006186,d477f8b7-a01f-4ce7-a61a-687793ab7ffb
G2297GU,D006193,e72b1b31-fabc-4fbf-a539-0c4b798ab124
G6248GV,D006196,02fc8e28-bad7-47d1-ab62-676ccb751831
G8549GU,D006198,c4264e46-1fea-44b3-a4c8-767a4b8af2bc
G2209GU,D006263,1a210a63-98ae-4c80-8b46-19bf54f1d628
G8135GU,D006269,b2c80166-9c05-4b4b-be06-02f55c227586
G5476GU,D006312,a0aacb41-8d25-4b13-a880-c38dabdd97b4
G8341GU,D006314,d208942e-12c0-40bd-8e4d-02f0589c4b4d
G4671GU,D006318,1c6f4603-039b-4abd-bf7c-abf75a4dda88
G5711GU,D006325,622e5464-3085-4648-9f8d-98e75ea80cc8
G0646GV,D006374,fda4619e-331a-4c7b-8ece-b76abafa4cb3
G4813GU,D006377,2ec360e9-a7a2-447a-898e-9618f1f0aafc
G8061GU,D006378,02ea3047-bac8-4238-9da5-457d2cb004c8
G6114GV,D006383,098515d4-0bd4-4aa9-a9c9-8262d766b409
G0075GV,D006385,f66964b6-ab56-4e11-9c27-d129158d1e09
G5525GU,D006468,1ff30076-3323-4df1-bf92-773eebcbe695
G4836GU,D006484,cdb28705-cba1-4374-95db-98dc96a5fddf
G2059GU,D006489,9cbc88de-3143-4bd7-98f0-4153fd4fafbd
G4344GU,D006745,7313e94e-9fed-42a0-bef7-ac5509f31df4
G7719GU,D006909,b8cff5d6-a8ef-40ca-b1b3-28409e555258
G7868GU,D006917,c714cd93-516c-47db-90bd-baf11a1a7f75
G2645GU,D006920,26e355a5-e517-40bd-aa04-bb0a96c727a7
G7502GU,D006922,344dfc29-f006-42a3-be31-b718819b7865
G3181GU,D006979,9c7b12c7-00e3-4888-b361-b21e59f3ff3c
G3635GU,D006981,fffa6889-896f-4258-842c-ef506b37f010
G1790GU,D006983,f98e23eb-3e20-4071-8fee-aa13a0c6b93e
G9303GU,D007013,d2e31722-54c4-4a9e-b714-31805f9fd78b
G9597GU,D007016,0ec1f979-c5dc-4abc-a311-8d4d3574874b
G9712GU,D007020,6d3f3533-5ab6-4e0f-81f8-635aa6f684e0
G3410GU,D007021,426077b8-557d-47f1-aa8e-2b9ebace558e
G3976GU,D007030,b7a7cf43-7e9c-4dae-8255-f331fa60136d
G9698GU,D007091,2d3fa72c-bdd8-4ceb-99da-39a545f44d17
G3301GU,D007092,47f19e59-2a21-4b96-ab30-59f8b178b149
G3107GU,D007118,78e414fd-d083-4121-a40f-e1a0693f791c
G7996GU,D007120,92eaf10e-4493-4312-abcd-28410e093e1b
G3726GU,D007121,3416c429-ea61-46d4-8acb-9370cb321e4c
G1251GU,D007124,b3b1564f-2966-4853-ba89-077433fdd8df
G1294GU,D007127,1529cf83-7def-45af-a2a2-6976a226af18
G1050GU,D007579,824c139b-251f-4ff2-80c9-3603d3037da6
G7816GU,D007581,9bb13be6-6870-490c-a2b0-f0527c3a0c0b
G3044GU,D007588,df962996-173f-4898-8261-3e2d71450513
G7402GU,D007595,6db9fa12-06df-46f9-87e0-5c195db02471
G9624GU,D007596,34b41dbf-95b8-4446-a45d-5cb3f12e6110
G9916GU,D007625,3875f2f9-ebb8-44d7-94b8-640414bc202f
G9321GU,D007628,4bcab0ed-85d9-492f-8540-ec7634742897
G5018GU,D007636,f6e7e478-1974-4c3e-bde1-53acaf08c2ec
G5670GU,D007638,222ca469-baf7-404f-8e5e-b61e7690cf7d
G3049GU,D007661,d9875ba2-2997-4c07-9ac5-200d68d5abd8
G5162GU,D007684,59d1005d-f58f-4e32-acf7-fee00531a4dc
G7916GU,D007687,10ec3ae5-0f5f-457e-8856-1076ae35fd46
A0873DZ,D007689,7fd472ce-33bb-4cfe-a8b3-98062a0dc6ec
A0958DZ,D007703,687808ef-4814-4749-b13b-ed9ebbbb3315
G7828GU,D007851,9204bdc2-d2b8-4c77-8bac-a1855236f642
G7911GU,D007940,062ec5bf-12b8-45d8-b38a-cde642832cda
G3494GU,D007941,2f66a7eb-412d-495b-9a49-2a119ba4db7b
G9072GU,D007943,f1c1898f-bcd1-4d3e-997f-87b7a982ec31
G3136GU,D007947,25a2f821-fedd-4fb0-be8f-28590976dc0e
G1467GU,D007960,48ec6d1f-4f05-4624-b0b4-986666a3ca4e
G3489GU,D008645,409bc6bb-6c5b-471d-b07b-136463662aae
G7221GU,D008648,32803f1e-8ee5-4697-9fb3-27dc774168fd
G7475GU,D008656,db9c18c1-a099-442f-bebe-9164213e6cb0
G9599GU,D008660,ba527724-fb69-4b2c-962a-9d89a4dcb75b
G3669GU,D008662,385c0cf9-823c-4424-af3e-861cef5b714e
G7776GU,D009524,572a5589-eb2c-4ddf-b91d-970bfd283c86
G9903GU,D009536,0bce6ddd-f48f-4fe1-aeea-4d36fe004ebb
G9329GU,D009542,02f814df-b900-4bcb-af5a-5234d969d03a
G3877GU,D009543,bd2c8cec-7962-4dea-9781-70583e46d706
G3257GU,D009588,a66324eb-7a05-45f0-9be7-a19f485c669f
G3938GU,D009592,784d5306-d033-4f08-bb42-75b530544dea
G9784GU,D009599,c339a77c-fff5-4c6c-9d06-3231b2cf5481
G7513GU,X010419,2385b3ea-407a-4cf5-9986-0713d7f21773
G0891GU,X010423,9d308272-27c7-4217-bbd2-88a8bd3ab501
G8288GW,X010450,e6c75fcc-3c19-4261-8f60-e77c5fd02553
G1191GU,X010744,ce3211fe-86ff-472b-b8ea-a2a290b60a15
G6509GU,X010946,6c1846c4-735d-4eb3-81c9-5ff0064b9047
G0725GU,X011431,e61cf24f-54a2-4ad2-9e47-6a26fe533f82
G0510GU,X011695,4deb12ab-7f38-460d-97cf-391ae2fdea9a
G8990GW,X012337,f8b912c9-c5fc-455c-a834-a4828557a5e1
G8200GW,X012580,8cc18b8c-9d1f-418e-ae5b-39134e920771
G6391GU,X056983,81e72581-1e45-448e-b893-5770d936be5a
G0390GU,X066851,0034512d-df15-4e52-a770-b72d6a28bec9
G0020GU,X067012,2324f687-e2ec-4fdf-b2f8-681d8f43ce63
G1084GU,X067017,bf54f513-93cb-4347-92a7-f62d5a2ecbb3
G0008GU,X067110,0f9a4fdb-278e-4fd7-89ed-ed42c6d36bdd
G4508GW,X067128,ba8b3d9b-c460-47dc-9c92-048cee84bada
G6931GU,X067466,8014a9f0-0696-4b5e-8756-f12feafb4321
G0575GU,X067905,0c383d0e-4fda-4dc1-9436-b9c153836dbf
G0941GU,X068028,d19daf18-5a37-42fd-8cb5-fe6751c2ae21
G0623GU,X068051,1a564170-9832-4df8-9d76-4191694c70ad
G0067GU,X068113,fba9261e-2e53-4402-851a-fb0c8d673d5a
G6223GU,X068135,247cdc0f-1d25-4e70-83a1-85c3218e4db0
G0372GU,X068733,170d64a5-b63f-4915-b445-90c361422dab
G6258GU,X069082,51344824-92c9-4d3e-b29e-d121b662e840
G8368GW,X069102,48eb425f-f494-44b8-888f-474d68beccd5
G8205GW,X070170,2f1b3281-125e-434a-937f-15eb4680617b
G6270GU,X070420,0805b2ab-f368-4d5e-92bf-bd5eef84696a
G0961GU,X070527,36845af1-e305-43f3-a7cc-48f378810063
G8199GW,X070686,fb02244e-c7c9-4eb1-9b1a-00cd3c546caa
G4136GW,X070761,bbbf567f-ab83-4065-a427-9305455596de
G6133GU,X071171,038955eb-e17f-4dcd-aefa-0a67e1503a9c
G6135GU,X071959,143aff0e-f34d-4c3d-8cc6-9d3914945aca
G4077GW,X072037,0565d053-ac35-4412-8cd9-432bcfec911d
G8797GW,X072217,ae75c5bd-a8bb-4e83-8b48-a4ad85296f95
G6587GU,X072895,d25241fe-2f73-406d-abd5-7d1fd664cbad
G7633GH,X073004,4ad559d5-c596-4f56-b357-4d636edcafdb
G6099GU,X073108,06e62610-5c3b-4a3c-a11f-b809655a1a9e
G8667GW,X073113,a635a5e3-f1c7-492b-b866-12eb83ac7666
G0351GU,X073383,d520d4a5-5ca7-4a4d-873a-26f7366d9444
G0388GU,X073523,134ce298-7f41-4c1f-8abc-a55e82fe268f
G0987GU,X073577,207d8cee-e068-49bd-9592-366ad95b3d98
G6569GU,X074346,d582d4d4-27f1-4317-b0cc-15e0d852b494
G0591GU,X074357,34b0ab22-02f4-46ab-91a7-6ffa117df7db
G6557GU,X074612,448985eb-a883-4a88-84fa-b44aea70e070
G4748GW,X075058,4ea79aba-dcd1-43e4-b703-b614a629c3d1
G6530GU,X075437,e5f4465a-711d-4ebb-b6be-968a7525761a
G4510GW,X075818,136b2009-ae59-4a83-9cf3-944d8fa10521
G8851GW,X075945,14fd8dda-0259-4307-8815-b86cc73311bd
G8437GW,X075980,663a2417-11da-4bb4-acee-f7c0e752ebd2
G0752GU,X076010,ad50486c-ed0c-43f2-ab87-d98356c4189b
G0590GU,X076021,14020567-dec8-499b-a391-2674ff989805
G8873GW,X076296,c0ded92f-84fe-441d-a4c8-202299bd9dff
G9287GW,X076823,5fb6affa-43e8-48bc-8bae-85640e7a516a
G2707GW,X076884,6d30dc9d-fa75-49a2-b7c5-a8bf255e6c49
G9528GW,X077081,505a4aa1-1c41-4426-a836-5ec112066668
G4959GW,X077502,c4cf8fcd-eb2f-49a9-8808-726beb010769
G9422GW,X077521,5a77cbcb-5200-49b1-8e22-30ac38358101
G5047GW,X077548,8bf51afa-8458-48a5-a3bc-14c9dbdaf58f
G5148GW,X077660,b982a48d-26b3-42d2-8874-20dee9d6a534
G4139GW,X077680,3fdff70e-1a25-4e07-bcda-c723eaf8b5f8
G9753GW,X077684,fc96d375-6ee0-4875-acd9-c9276dc1a7ba
G2758GW,X077928,cf774f6c-3edb-47f1-bd00-07bc6ceba1ae
G2571GW,X078084,1d1541d8-3836-4baf-8713-2bacb2abbf53
G7443GW,X078299,2d4601ae-f815-49f7-a9ee-dffcd11d0bdc
G9619GW,X079183,41a8780b-eedc-4af1-b199-8bb3db5a89d0
G4497GW,X079364,af6e8333-0e0c-422f-b114-9fe9aa5d62c2
G2996GW,X079386,c6cf2429-9f16-4cf5-89d4-620e41587912
G7825GW,X079459,d6ba10a3-e8e0-42d1-b59a-c38c93ba205a
G2425GU,X079460,25775b94-7f0b-403c-be96-fbf51bea246e
G7214GW,X079491,3802d28d-44b4-4ad3-b3aa-f6ed8879c801
G2679GW,X079683,633dbae2-82e9-4117-b840-73e4016d672e
G9161GW,X079791,2296a737-dcc3-4e0a-bf9f-2a6e51a2b050
G7923GW,X079802,5894f7b9-3420-498f-864d-e80d2a9cabfa
G4157GW,X079807,81d1792f-5b91-4736-97d7-d62caa9747e2
G2152GW,X079925,627acb4a-1e92-40c2-b3bd-c0f5c430b56b
G2357GW,X080157,cd6d2d48-cb58-45c1-a04e-405e6bc449ae
G2638GW,X080225,21274bed-f895-4229-a64a-258d9a5a6131
G5771GW,X080739,47f19e59-2a21-4b96-ab30-59f8b1781111
G7915GW,X080768,47f19e59-2a21-4b96-ab30-59f8b1782222
G2460GW,X080797,47f19e59-2a21-4b96-ab30-59f8b1783333
G4832GW,X080798,47f19e59-2a21-4b96-ab30-59f8b1784444
G4693GW,X080873,33dc8525-a949-470d-be41-bd7e6fa76e1f
G2897GW,X080994,c08f0fbd-2f48-4574-83a6-d9482ac89241
G5891GW,X080999,1cc14176-b625-4234-b164-6ff3cd59c467
G4472GW,X081002,54361f7f-46bd-45c2-8465-9d586cfca59e
G7903GW,X081163,a0871af5-3801-44ac-bfa5-105031b98014
G9205GW,X081220,59f5c64a-fdc3-475c-9b89-e73baa3782bf
G9431GW,X081660,b1cb3d16-1198-4360-868c-027a00b0eb39
G5132GW,X081679,5c5d344e-b73c-445c-afac-ac7acc466802
G4405GW,X082553,25ea512b-89f3-4c22-8340-18a67f627248
G9115GW,X082567,69fc6649-5f56-461d-8241-0b5e6eea02b7
G5686GW,X083447,47f19e59-2a21-4b96-ab30-59f8b1787777
G4872GW,X083530,47f19e59-2a21-4b96-ab30-59f8b178888
G7274GW,X084147,29b19984-1ede-404d-a62f-b3543eb31f4d
G5244GW,X084654,324cefc8-d1d7-4366-ba26-93cc3052854e
G4446GW,X084712,d91f006c-4fe1-40fc-9f63-f5d0e78bbba1
G5973GW,X085254,b22c8589-6d5b-4cc6-8de1-1717a3db9365
G4583GW,X090590,04f544a6-7359-455c-bbb9-b86815f43b58
G4011GW,X099990,2ab70217-6ff1-4def-9f62-3188b9e4ba01
G5794GW,X184115,2c9db9e1-fb63-41b7-b198-12cf724fa162
G4288GW,X201857,ebc31227-e897-49f4-a91f-c559f3c17013
G1783GW,X228151,670d4de9-ce6a-4ab7-9983-1f5b67282f86
G0360GW,X236629,a52f91aa-0e80-4445-a479-a9e825f55b4a
G3741GW,X265497,3ae45738-54ab-4d73-beea-0ad0cf4a4c9d
G0828GW,X311722,87e738b7-afe4-4182-8de6-ae800e210704
G3816GW,X311728,76f3fa53-2fbb-4cc9-bdf6-397c5616b0fb
G3401GW,X311923,a8fe6c92-b175-46d6-906b-1892d18ee8d7
G1339GW,X311982,404b738f-0b16-4a08-ac0c-af0aa025b68d
G3403GW,X312110,c93b1a16-366f-47d1-a429-a2d6eaaf083d
G4246GQ,X312112,8c0854bd-6e16-4b76-80e4-27d6b088cd46
G1228GW,X312209,4c7b571c-0fc2-45d5-9d8a-1efe1b7c0290
G9174GW,X312225,cb30859c-8764-4ec7-8444-7a190f06e239
G0807GW,X312528,c71b301e-ddce-4106-abdc-407d6e2a4786
G0345GW,X312538,8d68d5b8-5528-447e-9f06-d4d6f73ac094
G1274GW,X312576,846fff6d-3177-4e89-8705-887d279d3a37
G0879GW,X312709,7ff07fe6-7861-41c4-9f22-f319eaeb486f
G0393GW,X312713,2f0775a0-e3bd-4b6a-8ad0-e10f05947a5a
G1435GW,X312773,50cd1150-0fdd-4e44-b03a-5b04909359f7
G7730GW,X312777,b7b0a949-a70f-4ec3-a106-6c1198287b90
G0753GW,X312951,ea7e2381-140b-4db8-8033-ccc36f47d840
G7088GW,X313254,d8586baa-9d89-40e2-a917-8682e3a199e2
G7269GW,X313266,e3683926-f513-49b0-8745-29ea12aafa59
G0253GW,X313353,f712addb-3167-4944-b722-121e5eb93db9
G7675GW,X313530,dbafb5c9-3f20-46ff-9aa7-4e24cc9afde3
G6416GW,X313536,4a83daa8-0c12-4f98-a5d1-dcd69af945f5
G3572GW,X313609,72a93970-4766-4686-9042-27759519c5a3
G3510GW,X313612,d33f16a5-a92b-4f5c-b080-ada9ac0af4af
G6124GW,X313666,75295a24-e731-4a60-a4ab-7e699cc06548
G7526GW,X313846,8a8fa899-fb66-4ae3-8b1e-a7b2394146f5
G9119GW,X314335,90b09007-dfbe-4f39-9b1b-ce4e0979d18f
G6093GW,X314366,556055fa-8aa3-4db2-85a0-be660fa5761f
G6139GW,X314888,00c9dd3b-51f1-4617-aced-0c10122f6612
G6472GW,X314895,84b0f599-6d1d-42d6-ac9f-c545be25e097
G0480GW,X315275,e5aeb642-7f78-4719-92bf-058aabc9fe79
G6718GW,X315381,a01001d6-dd7b-4bd1-a0d2-abb3a41293dd
G6455GW,X315393,4f57ebb7-7de0-434c-b489-7426e1c3727a
G1797GW,X315518,e1ec9224-28bf-4938-8298-7d8c1af69323
G1041GW,X315819,e33f9fef-26c6-4d69-ab2d-183f77eb43d6
G0240GW,X315822,e12e9a61-f059-46a0-abb1-33ec58b92fa4
G1577GW,X315861,1695c48f-8848-40d0-b212-8fa99e104587
G3573GW,X315996,79b1da36-bab4-4a84-ae17-0207604a3be7
G0183GW,X316018,3a35bf28-49e6-4ec5-be74-64f9d7e6278d
G3909GW,X316027,7444e63b-2f93-4e54-b9d6-4f573c82bf29
G1323GW,X316305,d11a057e-9d3a-41a0-8ff0-15f442153e40
G1375GW,X316399,f02a6b18-a633-4034-ad72-e499408a1300
G1784GW,X316543,4af24245-52cf-4c91-8fd6-1ce07578d7aa
G1040GW,X316651,3bbf4ca4-dc0f-4764-a512-e37fc09c37c2
G1525GW,X316907,3509f655-677e-4810-aa9e-0defe152db14
G3950GW,X316918,7f515eb1-1bee-486e-a40c-c8daf5e6238e
G7037GW,X316961,86e69b39-87ad-4b97-b2d6-bb4a58010814
G7373GW,X317013,86ce3038-7621-478f-b184-18269ad79aef
G3172GW,X317082,7adba682-81a5-4e6a-8f83-9cd4c9aa8322
G9716GQ,X317127,8c5f588e-bc82-4674-9afb-cf2af43d5dbe
G5227GQ,X317142,33efb282-1879-4b63-aef2-c8cc57124e21
G5519GQ,X317371,258bd0ee-1c90-4bfa-bf63-ce0fa6658dca
G9470GQ,X317583,e16e3b01-9eed-49d6-a577-f6bcb510e2f2
G8754GQ,X317689,5f0d8c9b-c38c-433b-ab05-86a00567dca8
G5093GQ,X317945,0748ea55-265b-48db-95ea-3d7fd96f645e
G4929GQ,X318237,8a91d8f1-7b1f-4918-875c-d2ac4d61645b
G5010GQ,X318548,bf54f513-93cb-4347-92a7-f62d5a2ec803
G8583GQ,X318651,c1dc611c-06ed-4533-8337-08068a32992a
G9537GQ,X318735,87400cac-9aff-495e-8dcf-4a0dc15644a8
G8044GQ,X318820,5422efe0-a327-4ea1-a4ca-9a385e087ab2
G9259GQ,X320811,6cd98490-7f5f-406c-a715-c15fb1450752
G9367GQ,X322370,d2ad458a-31d4-4dfe-b553-1a4774da8311
G8143GQ,X327772,2b1a899a-cb4c-47d5-9b8e-918603375048
G9354GQ,X339853,596ad897-8f98-43c1-b6a0-557f31ddb804
G8030GQ,X344223,060352f6-1086-48b6-9e19-dfa7e11b99ac
G8759GQ,X344324,8411ca43-1519-418e-9599-0221c8104c6b
G2460GQ,X344369,932c5a7f-738a-4291-8d74-440b4359dcbf
G4776GQ,X345223,de05809b-e31c-453b-aebf-b20553b6491a
G4731GQ,X347553,47f19e59-2a21-4b96-ab30-59f8b178b150
G8569GQ,X349420,aa90890f-5f40-45d5-855c-ec4ba8c8249e
G4395GQ,X349463,2a7ead1a-ce44-4c54-9dfc-8521474a0ade
G8071GQ,X371564,6f199eae-9e08-41b4-a705-416945e13690
G8918GQ,X373327,b8394cc5-ec7d-4d3b-8f94-dfe9343aa28a
G8373GQ,X378264,0b13fabb-75e2-4b48-b071-f3926d7b94ad
G2430GQ,X387542,33e019a5-0c2b-4573-9ac1-18bbfd2afcc2
G8763GQ,X392820,4333c29d-7401-4842-ab99-45573b91c9b6
G2555GQ,X394514,382221bf-05c4-45d8-ae51-b1a45666565e
G8210GQ,X408458,2f655f4f-cf2b-4317-b55e-fe6da7c31a01
G4628GQ,X409421,335594a5-a515-4b50-a533-29fad63700bf
G4060GQ,X409423,40f4587e-29f3-48b2-8320-82d0c8a9a3de
G4914GQ,X411327,fbda1a99-5ce2-49a4-a6a7-03ef43fa8294
G2446GQ,X443892,f7b07d49-ecf6-4f2f-a872-23ace169049a
G4242GQ,X467726,bf38abdf-b2be-494a-9577-b200a2705a7b
G8596GQ,X467899,c1bc4afb-1931-4ef6-97d4-b62546e321cc
G5824GQ,X471401,b5928c6e-1473-45cb-ab61-3e68d439d0ef
G5369GQ,X471915,4fab2173-96b2-4305-8508-e9c53c55537c
G5445GQ,X472542,7511c879-550a-4832-9a56-6b9ca8a6af3e
G9866GQ,X473120,27b7fbf0-a36b-41eb-b3a5-e0f93b25580a
G5428GQ,X474944,d0f2ab3d-30cc-4748-8306-ef8345074256
G9365GQ,X480420,c8fd56df-165a-44bc-adcc-88efaab2755a
G5785GQ,X492650,68fb81e9-2d94-4140-b1db-3188d552f16e
G9141GQ,X494469,cc234aa9-1175-4b39-a7c2-da1d49baf74a
G5004GQ,X500399,229cdef8-c9dc-4860-9c57-28b9b688dd15
G9086GQ,X502527,9e78a7a3-8a0d-4f71-b626-fca0b490ff97
G5117GQ,X507985,dfde9d15-ebda-4d73-921f-25cff5b27e3b
G2614GQ,X513303,7ba79cea-ec4d-4d7e-b570-e5e4d473069d
G5180GQ,X513928,3f1d13ab-b7a4-4eeb-94f2-46c95c291290
G5358GQ,X515956,b80e949c-1639-48dd-8755-4b061ab0a15a
G5119GQ,X521741,18f0c4c4-5b25-4f88-bf18-02d08306806c
G7544GQ,X522865,46e098a2-9ef3-4721-b4d3-9dd08bee8465
G3886GQ,X523988,ef66917f-ac87-42a1-b1c4-dd251a9dd01e
G3727GQ,X527225,3ed9a6a7-9c79-48da-aaee-ec3a03256def
G3850GQ,X528196,2a046f57-4e7b-4b55-a946-8db6a4961e9f
G7027GQ,X537188,618cf7a6-5bff-4759-9cd3-f8ee06e127cd
G9982GQ,X538784,3c54a40a-9b7a-4eb4-a75b-af91aeff5031
G3061GQ,X539657,1364f4b4-c5ae-447b-be16-f075b8b76dfe
G1824GQ,X539701,ece384fc-2ceb-42a1-a9e9-532714ba2c25
G9760GQ,X540091,e794b509-446d-4573-b76d-fbaae19b7d3c
G0198GQ,X543973,255bdb52-6d6a-43c6-aad2-c9c93ca76ee8
G3407GQ,X545568,4f1e7ded-b007-42da-9d2d-d348eb410511
G1369GQ,X546158,ac04c8f5-cdc3-4078-9f41-33de06534910
G1941GQ,X547255,9d1854a6-c76d-4e7f-b978-9f82301f3f85
G9029GQ,X549666,cbe8625b-fccb-4534-aaf8-1fd672dc2482
G3635GQ,X549701,4e9b6200-23d4-4af8-9ce3-16c70cf4b304
G9986GQ,X550741,84cd1465-6adc-44fe-9690-078f52d0aec6
G0028GQ,X553213,ad5f33e9-e724-4d15-87c9-6a3e2f50917e
G1447GQ,X554337,0d593b6c-1ffa-4a75-9008-1ea15bbed813
G3043GQ,X554924,9d33bc74-e64f-4dea-b9a7-ad0c898e0fdb
G6884GQ,X555101,f72661b0-883a-47b6-8b7b-5ef27f93bdb8
G1732GQ,X555151,a949ecb9-f21b-4e3a-ad16-3a8be1c4ddc1
G1845GQ,X555163,b538f400-467d-4cbe-ac92-64cb7035043d
G0812GQ,X555192,f7a84705-456f-486b-a5fd-369f1cc0605d
G1603GQ,X559953,76a68281-d529-41d9-be91-f5e82503760d
G1647GQ,X560096,7d082fd7-bb62-4589-a3e8-28a6996aa2d0
G3068GQ,X560128,d701f9ea-475b-48a1-b109-e14294f1ece5
G1620GQ,X561755,2fe6e31e-6f30-47e9-8d39-2ad8600d59e8
G3098GQ,X561812,113657ce-5062-4fa0-9425-e61249274d28
G3350GQ,X561826,b23c6a83-b284-4f3d-853a-86f93deba966
G7911GQ,X563587,75209ead-a24a-46a8-8e70-846036a941f3
G1212GQ,X565410,ad7cd5fd-527d-4653-9ad5-38d8b1f2bcdc
G3779GQ,X565432,6309e5b6-3e7d-4bc4-be43-23a97c3579ba
A1247DZ,X566041,78d068f7-69e7-42e3-bad6-75011723d97a
G1756GQ,X566141,8382aa68-aa3c-4ed4-ac0e-acb24f6e91d7
G3340GQ,X566145,78d247b9-da85-4849-8a3f-fef5fb595d70
G1428GQ,X566745,27463de0-b8ba-477a-9e27-80e09e3964b8
G6790GQ,X568167,33c7687c-7357-41c3-964e-b86e9c315b71
G7351GQ,X569456,67a189e7-5073-4303-b55e-a46f72f2680d
G0888GQ,X569626,7f7f332a-5147-4aa5-8eb5-200182505d28
G1123GQ,X570446,45bf53af-679e-4233-a105-4c0d79d19a7f
G1833GQ,X573213,9d2b355f-4df4-48d9-92a3-9b0b0090cdca
G7013GQ,X574931,e47afc67-97a9-4bc7-b6d2-1c30c144b6f2
G7760GQ,X575884,de156985-4ed9-422a-aa6d-71426cd33e42
G7384GQ,X576888,bd9c7824-1932-4627-a4f5-3d5591089b30
G0436GQ,X577993,58d47502-c84e-436b-98a5-9f879b81034a
G3032GQ,X579444,74fbf19f-3416-4c84-bb47-87ffc6db765d
G0245GQ,X581427,3f0e565f-d32c-44ab-9fb5-9c62e48efabb
G0548GQ,X583686,5c403506-9cec-479c-aec6-5b959177f81a
G0706GQ,X586858,6b1295cf-5c0d-4b3a-95d9-b38b17366281
G6309GQ,X587678,f6101a8b-f991-48b9-a4d3-98b6868a8837
G8262GA,X588536,ac7ad3c2-33bc-4eda-8abd-1a81c62805d1
G6092GQ,X588539,bc5a8e2d-0b37-461e-ac30-f08cf0ea0124
G4557GA,X589049,78d247b9-da85-4849-3a3f-fef5fb595d70
G5256GA,X589258,3da7c06c-72ea-4dba-b917-6945e5d4e720
G6629GQ,X589630,1ad51894-94fd-4e31-b137-dc91453eac65
G8314GA,X589754,cc096ad1-6a95-409f-bae1-2713d89477f2
G8100GA,X589863,f25b9308-e4bf-4314-baf6-da76c80c8c41
G8440GA,X590299,740125ff-7ab6-4df2-ab79-e77c5fff9121
G4563GA,X590416,20f90037-d4d9-4e90-a31e-80890f89dbf7
G4526GA,X590484,462e2233-823a-4fba-8c20-8f710df45bd9
G4072GA,X591548,dbd22181-1c6f-4c51-be32-21459c01540e
G8096GA,X592132,1e483280-eae1-4c90-a4f8-93a98ca5da3a
G6638GQ,X592862,1904d02b-f655-462a-bb77-c4834d0127e2
G2573GG,X592879,c72ae18f-9e14-42a6-988f-d3c7fcbf72b0
G4682GA,X593180,5d7fb1b4-244a-44cc-919f-5989c98e7c25
G2382GA,X593213,26fb8523-0b18-4a59-9da4-25fdf9221f94
G2411GA,X593214,6d097a22-bc55-4154-a939-03a07c9ae385
G2287GA,X593783,34ef978b-a4e2-47db-9f42-1f981dd8dfe8
G2482GA,X593824,ba2e7ff2-e7c9-4237-83c5-fb13fabd2dc8
G2905GA,X594529,a4cefae3-7397-4496-bcf0-526ed17d8d48
G2156GA,X595586,6b4726b9-3436-4b9b-9193-24b663851fcb
G0178GQ,X595600,7ed90936-4cf1-4cb1-a54c-342a40ff7a75
G4691GA,X595670,b491b685-4e11-495b-83cf-c1354969238d
G0316GQ,X595703,3708154b-a933-4fd0-9081-1f83729d0075
G4610GA,X595791,2036998a-7a80-485a-94fe-ee63c56dd7fb
G4318GA,X596239,54dc910b-5580-405d-b173-f35d5affed4c
G2559GA,X596302,ec323a97-a497-47d8-af22-ea9ceeb6d62b
G8585GA,X596381,2bc494a0-5bbe-42f5-859a-75133f4f105c
G6660GQ,X596409,78d3f4b3-1150-4b2c-a935-c1e59073f7e9
G2700GA,X596411,12243731-64df-4fb7-b235-75757131c431
G8377GA,X596877,f48b3145-51b0-4660-a7dc-670a2c01b25b
G8145GA,X597448,35bd5314-c283-42bc-aa61-05c571b50fcd
G0948GQ,X597966,781685a1-f27b-4a90-8b5e-b2af242a190f
G6792GQ,X598530,916613a7-d096-4f56-9b3c-95dc3b0d2a0a
G0711GQ,X598547,f5094847-076d-40e8-87aa-b0afa1fe83f0
G6224GQ,X598667,545939f2-1d0e-4234-9842-ce2d62676dfa
G4788GA,X599114,d55929c8-c667-4c9e-9d25-5d55ad24032b
G6727GQ,X599214,cbaee426-8d13-4be3-8c73-ae8a60dec2bd
G0660GQ,X599242,dcf7725e-6cdb-4673-926c-fb0ec39c8677
G4218GA,X599814,1f289f77-b141-46aa-858e-c9156a0e2def
G4971GA,X599865,c1001d21-8f91-4a46-83b2-2103b18608ec
G6295GQ,X599970,ea20057d-a673-4aab-b3ad-7f9a54ac7b9a
G8789GA,X599992,90addb29-3189-4a98-934b-5e56a21e2e7c
G9860GG,X600391,d8e5ec23-04f4-4515-92bd-f3ef612eee5b
G2379GA,X600509,35f468b0-d65e-4d9b-86bc-e610c34ba628
G6016GQ,X600522,1c0625b5-92b4-491a-bc4d-c0f83e013a21
G4342GA,X600556,d461bbd7-ec5d-4316-a42c-806e48e89d04
G6141GQ,X600710,d6cb3a41-d730-45e7-be5a-d8e1bf5bb0c9
G8344GA,X600722,95f78d4e-8f54-4db0-9915-aa304aa83657
G7189GA,X600790,f51f0689-481d-47ea-9ea8-30761483ec09
G3909GA,X600843,72b52098-8e27-4c93-b1b1-7dd97812fa7b
G7070GA,X600871,5527400c-19ab-4b1c-9607-4b8d0fba467c
G9270GA,X600930,c17017cf-8f9a-46f8-b368-48212d967993
G7756GA,X600941,2b7896e7-af59-4b78-bdd6-81e508ffb5dd
G7328GA,X601037,e86dbf48-7715-49ee-b3fc-9a4176b63849
G9444GA,X601103,bbe340c2-8a48-4b5a-b90c-b0d7a126abe5
G7661GA,X601115,877a8384-92a8-4d4f-88f7-3657447286ce
G2654GU,X601148,a5371a6b-9b0a-49a3-8b74-04fc4cfeb380
G3492GA,X601195,09af10c4-4ba3-49f4-bafb-62dc7cadba95
G9943GA,X601232,0e896176-370c-4aaa-bee4-63e2cdd3b2a7
G3297GA,X601342,4127d725-7a32-4cb9-9643-95d9085d2a6b
G3116GA,X601426,4f196674-4ff6-46bb-a779-6c9c27b4ffbe
G3506GA,X601436,1a0e054a-0652-4665-b47e-4a6b9b70dc74
G3087GA,X602010,e5e327dd-278b-49af-889f-5f6a8f14e52e
G1030GA,X602766,42f4b3a6-4e85-4220-9537-0c543be841ec
G3465GA,X602776,7794694e-269d-4481-afab-3ec68329d8b5
G5937GA,X603027,61f4c824-3e0d-42d6-8a33-d3bbd4807b77
G3096GA,X604344,451a4dfc-2546-4270-9867-6d8d6bf28c37
G9745GA,X604371,58bb6cc5-d2b4-431e-a0a5-eb14cd855233
G9570GA,X604411,b39670c1-ebdd-42aa-afcb-6a52c608a661
G5016GA,X605063,088de95c-6f69-4b85-965c-7c74cd1a5294
G5971GA,X606665,ed5ce962-0ac6-4c10-8abe-249068e2c03b
G1503GA,X606939,fe047053-b308-44a5-9a82-506519f0c024
G1049GA,X609123,71795141-d6a8-4976-b6f5-9facbf655874
G1579GA,X609294,4111a737-5392-4550-b1f6-b7a4fdc5c921
G1453GA,X610176,10696e8d-9459-4e7b-ad71-429adafc86d9
G5930GA,X610836,43edcabd-c314-40bc-9518-3f0cbaac31e9
G1563GA,X610960,b6649548-7fec-4c02-a2f8-a6842cfcf29e
G3017GA,X612305,2b505f80-1779-4f60-ab07-12f73381a5dd
G8846GV,X613721,9724d72f-fdba-4ee5-b771-5aada5c284c2
G9822GA,X614281,c03bd801-ee8e-4519-a79e-d822b0a0e632
G2223GA,X614292,c624102e-43a0-45f2-94cb-af4f3f63f707
G1234GA,X616606,9433fac5-ba24-40ea-ab95-ed84e3cfa824
G5235GA,X616633,5250647a-cb93-4a98-af36-11e3c7b8d112
G9045GA,X616659,6896c98d-1176-4b43-84bd-28678dcf8e1a
G7990GA,X617254,f97e1a87-2e55-42d9-a5c1-7577a9efc91e
G7533GA,X617880,af54f513-93cb-4347-92a7-f62d5a2ec803
G9955GA,X618576,3ebdfd30-662d-4168-a339-4eb7d8eba01c
G1144GA,X618595,b35363e9-b3c0-474b-b9ae-6953fe486728
G2109GA,X619163,4f75351a-806d-4b62-a77c-e3d37950f83c
G2145GA,X619214,dcdcee49-caf5-4365-ad5d-387231f9849c
G7631GA,X619293,6eeeb897-ee7b-492f-aac4-0454f2bf6d91
G7177GA,X619318,d672f2f3-af0f-45ed-8730-4bc240068ddd
G9474GA,X619952,ac24a1be-939b-49a4-a524-21a3d228f8bc
G9463GA,X620064,982e0c69-3ca6-4d60-a4ee-aa7c83e57b6a
G9515GA,X620134,f50ef314-71e5-4e42-80a2-374b03bdf601
G9906GA,X621012,228f94e3-49de-4c80-9f2b-443bce7b2950
G7046GA,X621175,2cca4538-299b-4707-bf76-f6b4eaea9203
G1309GA,X621273,523b727b-7760-4f93-ae76-ba4b60260913
G1367GA,X621278,b23a7dac-ec06-4a58-8b41-6363e10ed963
G1582GA,X621836,8c602150-5b5e-42c8-b01d-ae9eaa890eae
G1304GA,X621960,8509e33c-fda8-4b18-8196-ea08c994f0aa
G8830GX,X622042,cfe2ece2-3d02-4880-aab9-99d9ec8521eb
G1164GA,X623564,2ed81d2e-28ce-45c1-b0b5-24b313a49779
G8515GX,X624167,080049ef-811a-42be-b499-722d55336843
G1846GA,X624178,0d984969-1b83-463d-99e6-5aa8d1449130
G3698GA,X624189,0dac4f96-be37-4b9c-aba1-25118e590317
G4910GX,X624234,b8f242b2-1f4d-4067-a877-3fdf2e303d96
G8687GX,X624651,17c2cded-f5db-4ac6-8819-316c6cbb9c80
G8784GX,X625497,9e549260-d0ef-473c-891c-9f84315153b5
G8965GX,X625422,9f9f3d07-0f59-4aee-baa4-523be99b2e0d
G6068GA,X625423,31eb67a6-674f-4369-ac0f-1f45ba702b9c
G4452GX,X628041,cf54f513-93cb-4347-92a7-f62d5a2ec803
G8533GX,X625619,92cd94e4-18e7-42c2-bc95-637f09b05246
G6979GA,X626080,f0b569f4-500f-422b-8a3f-e5c5fe981b08
G4510GX,X626744,123c851b-ae9f-4b9c-a257-5857fece1a68
G8412GX,X629665,bd304b37-08aa-4e9e-b1fd-8bf0f2e965b8
G6566GA,X628630,6ef2a0bd-54c6-4322-9ced-8535a4009d97
G6922GA,X629160,fdf1585b-4919-432f-bd2b-1b0e96caace4
G0392GA,X629188,fe507866-48bb-484a-9c87-ae2b93a17742
G6269GA,X643947,469f4bbc-9674-42f0-8951-a9a262783bb7
G8417GX,X633141,8b3a0f92-4eb4-43c7-bf17-eb8b795581cd
G0989GA,X633152,b9503977-20b4-4ac4-b89e-91a1cf08f581
G4576GX,X633721,377f0c52-5d5f-4a1c-ae35-4d48ee806d8b
G0100GA,X633726,ef6bd28b-bebf-4cd3-9c17-aba798327c9b
G6857GA,X633837,23e73bcb-4b01-4387-a78d-b1865e1b633d
G8782GX,X633863,0c92782b-945c-4dbf-91d1-ee31f473fb91
G4849GX,X634450,b8479ce5-70aa-4ddc-a6f4-21d5fa01fed8
G6245GA,X634521,7f0721a7-633e-4958-afd8-201f5d37c8de
G8529GX,X634565,5dc10f8f-59eb-42a3-b817-269c6ca61c09
G6042GA,X637113,5f71a6da-2076-4175-a2ce-89d37cf1c7a7
G6152GA,X637881,7d29991e-f19a-4beb-bb1c-b43020f7de17
G0979GA,X637891,2a438e37-0154-4284-b01c-1ed5db872bcb
G0032GA,X637943,8ad93fb7-897f-4ecf-95ce-e7b3b8b6229f
G0424GA,X638003,f3a1b97e-3d22-4d7e-994b-a9d53b4573b0
G0235GA,X638013,37628831-0c1b-437b-9f1a-9300dcba793e
G0634GA,X638509,d7c7df47-fb8f-40d0-8bbb-2e5519d7f9a4
G8089GX,X639075,f1c171b3-171a-43ea-ba8c-ad2dc78a1f22
G0382GA,X639085,56aa1a38-495b-4214-b7c7-efdf5d786d14
G0621GA,X639261,d5e36f97-2cd9-47e9-bba9-cf5979ede7d1
G0876GA,X639310,172173ba-4f64-4b67-ad68-ba426a124b43
G6070GA,X639377,8402b179-0d4e-4f49-b916-3f7d4de03d07
G6538GA,X639989,1f81d335-8eef-4976-82dc-db9866cb116f
G0939GA,X640188,7eb46db6-9e6e-4552-b89c-a113239c51dd
G3291GA,X640270,f39170d7-1433-43a8-a6be-4ad3b626e72a
G0363GA,X640461,35b0aef5-5630-4518-8d4e-081170f03fd5
G6824GA,X640565,86257b95-13f3-4c60-86f5-6279cae77785
G0010GA,X640657,0d5e3f0d-8a6c-41e1-9f42-09feeb495fe5
G2987GQ,X640978,cfb951d6-604d-4d9b-90ee-9d5a2abcbbc9
G5596GX,X641004,1acb7ab7-0bc2-47d7-b06e-5409ba6523c4
G5580GX,X641084,19e79d2c-79ce-41cf-8fea-d4a1f897d295
G9963GX,X641153,ff263adb-f512-48ad-83de-6bd3499699b9
G5078GX,X641183,ef452410-7736-4682-b54c-e370661e7ab7
G5077GX,X641338,521f6358-573e-4076-9511-98e820d9ac08
G2024GX,X641528,bab9028c-b8c5-4b7b-8ddc-d27fead3fa6f
G4660GX,X641558,f56c7b22-906f-4c15-834a-e6f0929f7175
G2166GX,X641584,cad8cc9e-c2f5-456c-9466-c3fab7060207
G2558GX,X643540,3c46b6e4-2cc3-46ca-9e7c-e9adf167361c
G4692GX,X643588,9bc909ee-b81a-4e87-b649-7e9303e14c09
G5564GX,X643953,8b3e6714-dcb6-40d0-ab9a-6ef321a181fc
G4962GX,X647213,22e14f45-c979-43cf-a7b7-67af9130c43d
G8624GX,X644114,61e36f10-5224-4cbe-98ce-eeb33b798c38
G8013GX,X644119,072e8793-cc65-44ff-b083-01777ee42193
G2768GX,X644177,d2a82e86-b0fb-497c-b478-5162f12ff33c
G5349GX,X644201,c6b4efbe-ddcd-4695-a598-e55ff318220c
G4152GX,X644761,5fcc9a8b-7752-4f35-a7f4-5e74e82457c4
G2445GX,X644820,2d7fd35c-1dd6-4fc3-9371-62c76d2aa713
G2996GX,X645683,0900f82f-73f5-44e4-9b3d-a76e0c243ba0
G2959GX,X645714,bd067b86-5ad9-4a07-b2cf-72d8d5c61349
G2537GX,X646961,12573f8b-2e83-43ea-b6f3-f2044cb95193
G8180GX,X647089,16efd687-79a5-4eb9-bcb6-715c0bdb9653
G9167GX,X647216,05adf3d8-0b7a-424b-a2a7-19db82eaa65f
G8656GX,X649316,fb9b136b-360b-4986-8c3c-6c48bd76c97b
G9594GX,X648285,ac9166cd-a67e-4b56-98ce-fba6621708dd
G4027GX,X648310,1ed8cc05-012b-459e-9069-a35a3568f5c9
G4472GX,X648486,a764cf50-2a94-4abb-afc4-2d28037d4306
G9581GX,X648497,4c1ca6cf-b28c-4fe2-86cb-4c6d21f9a23b
G7884GX,X649219,75437fc8-369d-4a3d-8896-4c15c485e66b
G9519GX,X651568,60b1da08-31d9-4be0-a30f-32d8310443f3
G2700GX,X651572,e4779cf7-82ee-4be2-b463-6dea22ef3196
G9800GX,X651836,ae4072b3-5a4c-40ae-9435-b2eabaae4daf
G5346GX,X652380,e1b45e03-6d9f-4a2a-86e7-f323a0964994
G2118GX,X652665,e0d2ccfc-5c7f-48b2-8084-6c4312a7a1b2
G4273GX,X653101,43fa51bb-d0f6-42d2-be84-d19e42d6e37f
G5807GX,X653108,81fcb000-5f54-4a51-a01a-2aadf016fa5a
A3434DZ,X653123,ce46cd7b-007a-4726-b44f-1142706d55b8
G5243GX,X653647,9ac5bb08-3b3d-4a2b-ad8c-b3ef26dce336
G2173GX,X654891,9c4b1868-1bcb-46c1-a8ce-c6c9bb838fed
G5092GX,X654894,36ade050-c6b4-43cd-9326-199bd57add1b
G9662GX,X654922,80290d57-f658-49e6-82bd-9f6817fdf063
G9459GX,X655157,68ffef96-1960-4bee-88fa-fac28712e483
G9848GX,X655649,b89e4da1-5443-40a9-abbe-df7ace8b7180
G2583GX,X655662,965dde62-325b-466d-b4b8-79ab8c4956f3
G5496GX,X665751,efc1976d-744d-4b41-bcc7-6d20762b13d1
G5337GX,X655849,aa3940c5-658e-4663-b3fd-442032350789
G9157GX,X655863,0a79f007-3ea7-45da-8a47-4b155423866b
G9616GX,X656611,27dc89a5-6e53-4685-aee3-427d216e7ed6
G2856GX,X657071,48c5de23-e3f2-4b72-89f3-130c54851771
G4086GX,X657098,a8dffc32-6124-4259-a47b-8c9b2ecab3b4
G7710GX,X657117,474c7995-df71-4ae4-9af8-f017efce2ee6
G1428GX,X657749,441a4264-2b34-4606-b374-b71dfa1d6c24
G7654GX,X657769,0b55707f-2d89-45a7-81aa-fd1785fd12e8
G7677GX,X657781,b1d6f6d8-0f35-489c-87e2-bbd5e516f557
G3831GX,X657785,7ed636b3-2ef5-42e4-9850-a79d282929a0
G7464GX,X658993,7ce2315e-c3bb-49c9-9f9e-ce91e09e684a
G7643GX,X659019,9b89837c-1d15-49e7-b361-b42f3541ba60
G0242GX,X671074,e1649ab1-f5b6-4ca1-aaa9-2dda7afd8d2f
G9033GX,X659930,d168fd2b-1ea7-417a-b393-bd13b59aa0b7
G9602GX,X661366,6aa07b3c-429d-47d0-86f8-b6356bed0e7c
G7239GX,X661422,1bcdc106-c7b7-48bd-bac3-5365f906db87
G7355GX,X661423,5b7fae39-d6f7-43e8-99aa-18841863be5d
G3217GX,X662214,19441988-7f93-428d-9e28-fc298e809c41
G3713GX,X663947,e23d3233-03ba-4437-84f2-f2932ed792bc
G9111GX,X664017,52b151a2-3917-4c22-8f33-da5e5eae6231
G1069GX,X664581,3d5d4636-efc2-41c6-aa03-2d1020467311
G7408GX,X664585,4cafd26b-ee7b-40a5-baae-7fa5a17457f2
G1167GX,X664593,f302a3c9-f435-4312-92a4-ca7d8b8e7aff
G1735GX,X664691,8cea216d-ad3a-4b48-ac8f-8d87082445b4
G3985GX,X665300,f20f43d4-5517-4121-8948-d20b27d5b56d
G1257GX,X665391,6986ee8e-e7ef-4aa9-8c84-7dd3b9456d75
G3480GX,X665595,478ada34-3fe9-41f6-bdb1-362609f73087
G1379GX,X665926,11dd6549-3311-46be-8d9c-946222a69dcd
G3351GX,X666071,d0bb7e31-b9f0-4d15-b15c-3a7cf4825d7c
G1456GX,X666312,18a83d2f-9fe9-4f5f-bdb3-934ecfe4770d
G1044GX,X666316,6749faef-5e81-4935-8cae-0233f39c4edc
G7906GX,X667626,dde26cd5-53f1-43a5-849c-8c01c2cf2441
G1909GX,X667722,c0c533bc-24bf-4859-b9dd-d40d52c177a7
G3252GX,X669712,90c8ec79-7447-4b17-be18-6f8eea2d58bb
G1119GX,X670791,205a270e-bbe5-4652-8c3d-00d984afa837
G3257GX,X671559,b01c95fa-5353-4083-b11a-c9de2510255a
G3956GX,X673153,24606b42-e293-492b-963e-1f6c1758f28b
G0804GX,X674298,96c3fcf4-08d1-4763-a1e1-5fca8a1c7d4f
G7632GX,X674519,a14850f1-60c6-46e2-b930-e27912339eb2
G1833GX,X674613,a8917f74-8a2e-4227-9869-deca5038fad6
G3342GX,X674806,13a195c0-718c-4312-a02b-688528550396
G7008GX,X675230,6a240e44-73e2-4376-8b41-073cb3923f5d
G1305GX,X675259,f0bb0d90-30ff-4f09-ad66-c896d9c00965
G1024GX,X675900,2b08ce0c-6f85-47d1-b4b4-ec3edfccee15
G1460GX,X676616,313b8728-427b-4905-8271-e111f0d5d365
G3814GX,X676615,d3c77d72-ff59-4eae-9b67-fdd819b274dc
G3303GX,X676671,231bd3e1-9b90-431e-87e8-5239a1cba39e
G7502GX,X677256,0f428cc4-bdf1-4867-82ed-54e1122db686
G7121GX,X677301,d9bc3d3b-e917-4c17-a47d-6eeacffb62d8
G7597GX,X677304,0d99a17e-9904-4ce3-b6f9-cdff5b674b1c
G7649GX,X677332,59b3ef77-16bd-444e-aef9-321f984a3e01
G7527GX,X678723,824983f1-ee36-4488-86e8-a4ab1523ba14
G1783GX,X679233,e20590a6-912a-4756-b770-068c9388851b
G0784GX,X680276,ac24a1be-939b-49a4-a524-21a3d228f8dd
G1823GX,X680970,54904711-e26c-44bb-9f87-006cb5b88c17
G6238GX,X681815,3098ffd9-2f73-4b97-8f2a-433e0d86e1cf
G2019GK,X682610,5d0f2c14-2012-4dd8-afb7-05082c790fd7
G2726GK,X683295,b514fe0e-6c56-463d-be2b-c2d1ca40424e
G6275GX,X683339,ac24a1be-939b-49a4-a524-21a3d228f8ee
G8665GK,X683426,ac24a1be-939b-49a4-a524-21a3d228f8ff
G8001GK,X683446,5eb4d1ba-833d-4ac1-a33a-309a7e2ddf5b
G2932GK,X683485,4c8460b5-16f2-49ff-a741-99bf3f23bec0
G8171GK,X684165,b8a2c03d-eff3-4130-b96a-af04c8dfe1a4
G8294GK,X684219,8ae23ebf-0d3c-4a1a-a193-00a9eaf720d9
G8498GK,X684268,ed6424fa-acbd-4ff2-a27b-33de78c12c5f
G6207GX,X684945,64d65072-840f-4b4a-affd-0dfe623f1e79
G2052GK,X685549,b8827609-1d3d-4652-9dd0-c2433dc793cf
G0646GX,X686043,338bd86a-ae6d-4b2e-a8fa-10a2aa8164af
G2665GK,X686504,ac722586-a366-48e5-959f-fdbd358017d9
G8319GK,X686706,c824982d-e048-4f80-916e-03817d0446c2
G4142GK,X686770,9b00f89a-fd83-499c-a20b-b2df1ed53a0b
G8692GK,X686794,eefc9562-399a-4e7c-a92c-ead7573eb107
G0030GX,X686871,d706a5d3-83be-464c-8342-388f220038b0
G2458GK,X686945,64378005-4f5b-4ce0-bed0-fbfbe059ac83
G8866GK,X687029,f462be3a-1d82-430d-a3ef-38ad4455793c
G6298GX,X687644,1aa00e60-3e82-4feb-bd30-8eccb97aad69
G6588GX,X687726,063e7e8f-0dc2-4b6b-812b-a25612fba35b
G0372GX,X687748,057dd098-fdec-47ea-a404-671cef860da9
G8229GK,X687798,2dcd9aed-c26d-422a-b3c9-6b21d8807107
G4699GK,X688063,a51c62f6-b2ab-45a2-b80e-30094c31e4cb
G0339GX,X688085,3efea755-0e7a-4a19-879d-b4117a47c726
G8773GK,X688103,9dc217cf-bd6e-4a4b-9f38-8fea3036e9c9
G8059GK,X688131,b5dd4e69-0f5e-4ff2-9579-52230185ada1
G9989GK,X688165,decb66cb-5ebf-43e4-af50-a1dfc16101d3
G6068GX,X688199,527ad3ea-d346-44f0-a4f3-23b7f1721fb8
G2954GW,X688215,ef459368-c17b-4848-8820-7bf6ebfa5388
G4772GK,X688235,f75c4e3d-2d67-4cf2-a2a5-7c6fb4980dcf
G0978GX,X688259,b87fa6c8-3238-4802-be04-1e4739b86c26
G8538GK,X688295,e88d795e-747f-423e-8732-1de551274b25
G8558GK,X688402,e02a9f89-e159-4eca-90e5-49d595858f0a
G8834GK,X688406,68343c3d-dcf0-4c06-bd65-56ffb604c337
G6176GX,X688488,e72c8c0e-4b79-4737-9b87-79fc4d44a575
G4117GK,X688573,e3557e8f-4a1e-4811-9b21-65913028db62
G8958GK,X688684,a5e1e686-886c-4e68-9fdf-874ad068799f
G4482GK,X688699,adc62da6-9782-4575-ace9-e7e850a38ac5
G4867GK,X688767,18be992c-4850-4e22-96c9-04ccb1839123
G4417GK,X688778,0cd46950-bde1-4155-9f68-eee4f2c9b821
G4917GK,X690244,c4fe07c7-1374-4d6c-8e26-139a8799857a
G1196GX,X690352,0238a29e-b65c-4010-9396-4b81c8baa9e0
G8935GK,X690456,0026e0e8-19fd-4880-996e-e30c882a5927
G8823GK,X690541,828d79a9-d03a-4c7f-82e9-157df21b2628
G6829GX,X690601,2d3f400f-e5d2-4ac2-8f3f-b436149de9c0
G6430GX,X690874,40f946c0-0710-4dfa-9bef-4e81ccf2f34e
G5818GK,X690880,1d58e5de-b63a-4054-a9a0-bebe19903678
G6713GX,X690890,84e77a51-b2d4-4e78-989b-7f4eeb1b1bdc
G6403GX,X690968,736f133c-25bc-490b-9d35-c55741b8f2ed
G9437GK,X691046,980a39c7-f9f3-4720-99cf-c7d44abebb32
G9381GK,X691488,8ba28746-07e9-4757-9117-4a12268b4621
G5107GK,X691705,d7f01bf4-0fec-4aa3-a107-7ea95e47b9b4
G5631GK,X691745,68eb3803-6a1d-4d9a-a4c3-4272344414b5
G2058GK,X691833,bd82bd34-30c4-41a4-860e-83d65149fd32
G9574GK,X692473,647122ed-5c2e-4f1d-94a6-8921021c3d97
G5329GK,X692484,8333f4d8-a88d-458b-9b96-52a7741d4e45
G9052GK,X692513,8efb0e12-280b-42c3-85b9-5133473bc2cc
G2636GF,X692670,8b452e55-3c43-4966-9766-81a770cb593c
G7383GK,X692716,1159b634-b84f-4447-95ca-0bd2d2339fa9
G7665GK,X692749,7d3992e2-80b2-4e09-a0d1-bacf10e19fb3
G7608GK,X692816,c347124d-38dc-4d8c-9e93-be794c80c59c
G5615GK,X692871,ea13a818-6887-45c1-9070-c7b4ce22cd03
G5626GK,X692931,151b3e6a-801f-4281-84e4-2168e94ec38f
G2763GK,X692932,4ef666ee-c8fb-456b-a290-9c09b9d5c40b
G5828GK,X693184,b9a91800-0f1a-4f88-b163-0727ccddd85a
G7074GK,X693725,0e1fa801-193b-4a56-8f3b-47796de6f27c
G2066GX,X693788,81996b1b-eaf5-4484-80e7-f63737a91485
G5472GK,X693792,2315fac4-c90f-4620-9bc9-c85c11f03233
G2213GK,X694180,f978818a-f52f-4bda-a05d-31a599dff3c5
G7750GK,X694529,c3bc7bb9-23bc-4e5c-ba88-0fe3893040bf
G9654GK,X694628,7a961eee-ae17-4de5-9c3c-4ed5ad594267
G5428GK,X694691,61bc5409-7045-4ecd-be12-42bfee8666dc
G2652GK,X694710,98481d33-1af3-4c2c-9ea1-11de00156342
G5924GW,X694815,24265792-cac1-4c81-8e7e-17cf7cf42af0
G5779GK,X694975,c2772729-0aa6-4f32-9118-acc33ef6639c
G5580GK,X695042,32610cf1-f76d-4bec-90eb-8a6ef0d693a8
G9638GK,X695394,1338197c-08b8-4a2a-941d-7ed9726a91d1
G7224GK,X695396,d01870ca-75cb-4ea3-8899-6cfcf9b09f44
G5149GK,X695609,9b647a0a-883e-4feb-b28f-11626222b982
G5658GK,X695624,b18260a7-f7f8-4f8e-bf7c-815e95912998
A0844DZ,X696215,4715f792-6fc3-43e8-8802-5ceeacd9e7de
A1080DZ,X696217,2620e603-5d45-458f-bb4a-5d38e18564e9
G9303GK,X696225,18329d88-e444-4cb1-bd94-00afbfe5c317
G7572GK,X696311,f53ebe09-a251-4bd0-a831-6aeecf37c9ba
G9674GK,X696385,85499bf9-7598-4a17-ac58-bd2ee9c7ae17
G9582GK,X696389,c70bb23b-7ef9-47ab-b564-2f5a239de9b9
G7289GK,X696449,7a07f999-703b-48a5-9819-c05057ef94a5
G2573GK,X696571,303915a3-df4f-4d0e-8428-f7e12704b1ef
G2848GK,X696638,2584f486-02d7-4470-8a3f-b65d5822ff7d
G5250GK,X696659,220b1a17-aefd-457e-9bda-b4228c27fc02
G9502GA,X696814,b14f1158-4541-465f-a737-8adc20bc33fa
G5249GK,X696887,0fc220e5-db5c-4e9f-83fa-d1e8b8d66a3a
G5872GK,X696895,6752a375-fa5d-4b13-ba16-c7750f9c22d8
G5768GK,X696899,f7e33fce-f341-43e1-937c-ecda1cf5e8e2
G5782GK,X696938,4cd945a3-e420-44b9-bf4e-a4af51ab6796
G5374GK,X697009,9ef25100-2704-42c3-a21d-591eb929271f
G9905GK,X697047,8e0a3687-06e7-476d-b3be-3fc2453e0d49
G9630GK,X697108,316621c3-ee39-44e5-9c3f-9d3f5c79bfea
G9354GK,X697147,813780de-1add-4292-b7d6-00053b7fe7f6
G3536GK,X697165,651c817d-c931-4480-a383-adbbec29b481
G0610GK,X697208,ec87fe51-9e56-4c8b-8fb2-efd248e4626b
G0455GK,X697380,8cc97636-0bc4-456c-ade6-6155fc5ddda5
G1189GK,X697925,41a0d795-6e2d-45b7-9f31-5d927c892076
G1899GK,X698100,067503cf-5112-4e4f-8671-694fb5799651
G1343GK,X698190,5785cded-54e9-49b5-9ece-c921ef5f3dd5
G6745GK,X698281,4c8a5e35-6fbf-4ec8-bf3c-a55410779ffb
G1376GK,X698492,456d4e7b-6153-416d-a97a-f645a5f88f7f
G1446GK,X698504,f3dc01a3-d6c7-48ec-b531-cde0675bcbec
G0004GK,X698565,d2c95d4a-270b-4a5a-9009-8b12e187c218
G0237GK,X698569,1896d4e5-a469-486f-b7ce-1ab847ad652a
G7330GK,X698591,c23117c8-8fe7-4244-a6a8-000fd3ddbd64
G7644GK,X698814,03766400-e07b-47fa-8b99-faf95384016e
G1554GK,X699863,55f4d319-c746-4fff-ab6e-cf7cd73b7126
G7909GK,X699873,d0ed4d37-cc9e-481b-9c84-8fd330bfbd3c
G7905GK,X699878,22c7fd34-d944-41e3-8cb9-f7c88a78442a
G7651GK,X700413,12eceb34-3cc3-41f0-9ba2-5ccf504ffb12
G7194GK,X700459,d7034a54-30da-453e-a09b-56a20b9c1c59
G7189GK,X700582,49e696ed-6a05-4441-b0c1-717678b1bc35
G1555GK,X701617,0901918a-db12-4582-aa10-4f5209cff8d3
G1740GK,X701817,7d203367-7b89-4bfb-bbbe-342e7fa78bd7
G7797GK,X702062,c3fcc970-074d-4097-afd1-fbd8a1bdeaa2
G1396GK,X702533,fe98c515-3b14-44d2-bc18-2a811572f4e2
G1675GK,X703113,dda5da78-7c02-4d4a-9a33-524b7294442f
G3158GK,X703825,379c4f93-6a82-4f65-b502-2e32b4afc482
G0395GK,X703867,dda1f8fd-1c03-46cd-9f1b-a821bc1b65ad
G0262GK,X704098,444bdb08-94cd-45dc-ac3d-a44cdea931be
G1788GK,X704134,c19b3aa3-89b2-4d60-a59d-29526fcde040
G7642GK,X704362,b69e87f0-5c0a-4654-862f-8a2d270c0adc
G0350GK,X704648,f6ba005a-785d-4ccc-aced-1e3a1236eb88
G0969GK,X704661,aa6deb2e-4d34-4719-abd4-ed448986739f
G1216GK,X704730,f99d8729-150e-4bdc-9548-b13ac1d2709c
G3036GK,X704764,01431d95-d8c5-4403-a9ab-89d59943c3a4
G1045GK,X704807,acab6e00-f87c-4487-b457-dcc6cf680bc0
G3667GK,X705005,281c2e1f-2944-442d-9b83-74ec6cd7edda
G0384GK,X705022,8b90a4b0-1da0-4c80-a86f-1e4be4b27630
G6644GK,X705840,9531ddc6-8c4c-456e-95d2-4936a65c221e
G0752GK,X706008,10af25a7-4295-4916-8abb-e1e7423d674d
G1412GK,X706516,a8a7328a-7e5d-4baf-a273-2e8ae79e3f7f
G3398GK,X706583,620091d9-7fb7-4124-afa6-3be1d7362661
G3932GK,X707345,47f19e59-2a21-4b96-ab30-59f8b178b155
G3067GK,X707374,8c2e41fa-78bc-4e7d-bfa9-4cdc7153c8f7
G1989GK,X707464,2c289ff2-f86b-4c12-9d83-aafccb165499
G1770GK,X707472,ce2d5ed2-f1c6-48a1-9044-21bcc172db79
G3694GK,X708124,7dbcf5dd-3e34-4b07-8a89-d5f2f9a2a07d
G6783GK,X710326,cc4ee081-fd55-44d6-bce4-759e873e114a
G0460GK,X710360,cf54f513-93cb-4347-9999-f62d5a2ec803
G1414GK,X711062,422aa134-8654-4602-ad0d-fe173d5b5786
G0989GK,X711220,e0682320-30d6-4d8d-a113-d0f31531ae65
G6616GK,X711295,7ed01c1a-13b4-499c-83bc-5fcdc9072d9f
G2803GE,X711481,23873220-4c4c-40fc-aed7-40e5cbab2eb6
G0637GK,X712699,8272d5e8-e24d-4f73-90d0-a73907e36438
G6364GK,X713066,7fab6554-0d3e-4ef7-805b-edb8c8050ae4
G6426GA,X713608,3f8e20fa-9a2a-4763-bfa6-24aa00967048
G4199GE,X713626,97569b0f-7ba2-4047-9662-6b0cdf36753c
G6634GK,X713649,d733223f-ad5a-47d8-af23-c5e8c4cc0576
G2821GE,X713693,40d2c835-95db-4ae7-89f5-9d7a68fef281
G4574GE,X713729,d1639c83-ac26-4cdf-9fb6-56cb3cd270f9
G4908GE,X713820,256e2aaf-3d85-4e6d-92bc-8b22e2a912ab
G8616GE,X713941,fff71abf-2fc2-434b-bc61-b10978276eec
G1398GW,X713965,3c798a04-551a-43b7-b495-201f43f757ac
G4349GE,X714134,ddd6c6fd-a519-48d8-887a-378184518cbb
G2963GE,X714174,28c524a4-c1ff-4001-b551-b27b5910a5ac
G5513GE,X714289,f5769deb-1739-4fda-94a8-05dababea673
G2238GE,X715672,0d6e4bac-e30a-4179-a8e9-97584261e695
G8993GE,X716245,5b8a3c8c-688b-4f14-a4ef-85221fc7f236
G2403GE,X716294,2739a4e8-ca78-43d6-937e-b97c29b2e8fa
G8119GE,X716998,60a83b82-5f95-43cd-93c7-576234e2ec72
G6567GK,X717169,1e1dbb81-12e0-4d19-be54-31438acec3d7
G5922GE,X719865,3c5bb43b-740e-4a22-ad5a-c900d0db4768
G8271GE,X719881,1929584a-cf16-4db2-98b7-fd421838463f
G8227GE,X720002,6d3eccea-5981-471f-a5e9-8d6f356d2ce4
G0656GK,X720106,57313ade-1b60-4319-b82b-78724a98d703
G2482GE,X720214,cc6c531a-8a41-4ef0-ad46-dbbab23c90fd
G5865GE,X720294,0799f6e6-8096-42f5-954f-00fd79e59a99
G6053GK,X720300,38ccbee0-b2f2-4415-8035-c5f506997891
G4503GE,X720975,fbc68c69-3b49-43e4-8b55-07a1a608c69a
G8118GE,X721827,512b6df4-f73b-4b58-87bb-206e546c7c83
G6196GK,X723036,4e24f720-596b-4f4e-abe0-e15fc04fe088
G4811GE,X723245,27fc465c-cd3d-4a31-8980-d6b79661d5b7
G2559GE,X723244,83672195-9442-4d2b-af7a-cc882cec841c
A0702DZ,X724620,fd1581b9-4f9a-407b-ae3e-e64c0ac2e7f7
G8005GE,X724734,2801edf8-6ea8-4326-a41d-9ac6561cb970
G6585GK,X724838,01130fb6-f325-4afd-a42a-55baa581f7df
G8870GA,X724923,e20d5004-a554-4b2a-8aa4-1ee3a2782d9c
G5453GE,X725032,caa90435-8a06-41ed-b58e-9bb3010fdf1a
G8030GE,X725232,2f307fda-1100-430c-a75e-5e7804cb1448
G5286GE,X725267,bd55a056-6e55-46dc-affa-a72a7b9cdd5a
G8647GE,X725285,048999c3-a4c0-4c6b-a8a9-31097550c747
G4889GE,X725287,e5e6927b-5c1b-4652-9ecd-d24f712be02a
G5880GE,X725417,8695e36c-a94c-4032-bad0-99c2bcf71f75
G4413GE,X725522,83e38030-383d-4c62-8e60-85e06784b669
G8650GE,X727006,3a3d8fb2-5912-4cd8-8dc8-980e1480afe1
G4210GE,X727015,70fcad22-63cd-46e6-b94a-9aad11c8f1ad
G2857GE,X727418,19295c7c-a20e-4532-a405-93e30b80378a
G4088GE,X727610,b8f0440d-9366-4f54-a653-097dff857154
G4519GE,X727655,be97b781-1e72-4f95-adc7-01017b7fbbfe
